{"faireval": {"gpt4-human": 0.3242599398407615, "gpt35-human": 0.21313664654969006, "llama2-human": 0.3149544511501033, "mistral-human": 0.34840924808316104, "human-human": 0.27940200239113283}, "mtbench": {"gpt4-human": 0.543419679859585, "gpt35-human": 0.4454698259721853, "llama2-human": 0.5018303310585356, "mistral-human": 0.5204631672335616, "human-human": 0.4113809398773122}, "eli5": {"gpt4-human": 0.3334846922834953, "gpt35-human": 0.4914982991426106, "llama2-human": 0.30316496580927726, "mistral-human": 0.5381479572353832, "human-human": 0.3954460021172601}, "llmbar": {"gpt4-human": 0.4256564615223302, "gpt35-human": 0.47265986323710907, "llama2-human": 0.42749149571305295, "mistral-human": 0.5579795897113271, "human-human": 0.3977397948556636}, "instrusum": {"gpt4-human": 0.4341581623797196, "gpt35-human": 0.3636700683814455, "llama2-human": 0.40700340171477883, "mistral-human": 0.370319726474218, "mistralv01-human": 0.3946632649518878, "human-human": 0.4246261897322978}}